ID PLU 210013,Medio,url website,Nac/Loc/HLoc,Región Origen,Comuna Origen,Propiedad Legal,Twitter,Facebook,Instagram,Personero-Propiedad,Origen medial,Plataformas mediales,Youtube,Plataformas mediales,
1,Mega,https://www.meganoticias.cl/,N,Metropolitana,Ñuñoa,Bethia,https://twitter.com/meganoticiascl,https://www.facebook.com/meganoticiascl/,https://www.instagram.com/meganoticiascl/,Liliana Solari,Canal TV,TvAbierta,https://www.youtube.com/user/programasmega?sub_confirmation=1,TvAbierta,
2,24 Horas Noticias,http://www.24horas.cl/,N,Metropolitana,Providencia,Estado Chileno,https://twitter.com/24HorasTVN,https://www.facebook.com/24horascl/,https://www.instagram.com/24horascl/,Estado de Chile,Canal TV,"Tv cable, web",https://www.youtube.com/user/24HORAS,"Tv cable, web",
3,Chilevisión Noticias,https://www.chvnoticias.cl/,N,Metropolitana,Providencia,Time Warner,https://twitter.com/CHVNoticias,https://www.facebook.com/chvnoticias/,https://www.instagram.com/chvnoticias/,,Canal TV,"Tv,Web",https://www.youtube.com/playlist?list=PLZYuYh8iiqkYBF2s6vXlDk-chjORTgLW-,"Tv,Web",
4,CNN Chile,https://www.cnnchile.com/,N,Metropolitana,Huechuraba,Time Warner,https://twitter.com/CNNChile,https://www.facebook.com/cnnchile/,https://www.instagram.com/cnnchile/,,Canal TV,"Tv cable, web",https://www.youtube.com/user/cnnchile,"Tv cable, web",
5,Publimetro Chile,https://www.publimetro.cl/cl/,N,Metropolitana,Las Condes,Metro International,https://twitter.com/PublimetroChile,https://www.facebook.com/publimetro/,https://www.instagram.com/publimetrochile/,Pablo Mazzei P.,Diario Papel,"Papel, digital, WebTv",https://m.youtube.com/user/PublimetroChileVideo,"Papel, digital, WebTv",
6,Diario Financiero,www.df.cl,N,Metropolitana,Las Condes,Grupo Claro,https://twitter.com/DFinanciero,https://www.facebook.com/DiarioFinanciero/,https://www.instagram.com/diariofinanciero/,Ricardo Claro Valdez,Diario Papel,"Papel, digital, WebTv",https://www.youtube.com/user/DiarioFinancieroTV,"Papel, digital, WebTv",
7,La Tercera,http://www.latercera.com/,N,Metropolitana,Santiago,Grupo Copesa,https://twitter.com/latercera,https://www.facebook.com/laterceracom/,https://www.instagram.com/laterceracom/,Alvaro Sahie,Diario Papel,"Papel, Digital, WebTv",https://www.youtube.com/user/latercera,"Papel, Digital, WebTv",
8,The Clinic,www.theclinic.cl,N,Metropolitana,Santiago,Ediciones y Publicaciones Bobby S.A. ,https://twitter.com/thecliniccl,https://www.facebook.com/thecliniconline/,https://www.instagram.com/theclinic_cl/,Pablo Dittborn,Diario Papel,Portal Internet-Diario papel-Revista,https://www.youtube.com/c/TheClinicVideos,Portal Internet-Diario papel-Revista,
9,Prensa Futbol,http://www.prensafutbol.cl/,N,Metropolitana,Santiago,N.E,https://twitter.com/PrensaFutbol,https://www.facebook.com/prensafutbolcl/,https://www.instagram.com/prensafutbol/,,Periodico Digital,"Aplicación movil, F.P",https://www.youtube.com/channel/UC54jOVhCPlXVDT1bAStD8qA,"Aplicación movil, F.P",
10,El Dínamo,www.eldinamo.cl/,N,Metropolitana,Providencia,Ediciones Giro País SpA,https://twitter.com/el_dinamo,https://www.facebook.com/el.dinamo/,https://www.instagram.com/el_dinamo/,Walter Oliva,Periodico Digital,Digital,https://www.youtube.com/user/Eldinamocl/videos,Digital,
11,El Mostrador,www.elmostrador.cl/,N,Metropolitana,Santiago,La Plaza S.A.,https://twitter.com/elmostrador,https://www.facebook.com/elmostrador/,https://www.instagram.com/el_mostrador/,Pdte: German Olmedo Acevedo,Periodico Digital,Digital,https://www.youtube.com/user/mostradortelevision,Digital,
12,El Líbero,http://ellibero.cl,N,Metropolitana,Santiago,Sociedad Periodistica El Libero S.A.,https://twitter.com/elliberocl,https://www.facebook.com/ElLibero/,https://www.instagram.com/elliberocl/," Gabriel Ruiz-Tagle, Hernán Büchi, José Antonio Guzmán",Periodico Digital,Digital,https://www.youtube.com/channel/UCbZNo0dHLynunjSpvdAEJDA/featured,Digital,
13,El Ciudadano,www.elciudadano.cl,N,Metropolitana,Recoleta,Sociedad Periodística El Ciudadano,https://twitter.com/El_Ciudadano,https://www.facebook.com/PeriodicoElCiudadano/,https://www.instagram.com/el.ciudadano/,Bruno Sommer,Diario Papel,"Papel, digital, WebTv",https://www.youtube.com/user/ciudadanotv,"Papel, digital, WebTv",
14,El desconcierto,www.eldesconcierto.cl/,N,Metropolitana,Providencia,Ediciones y Publicaciones El Buen Aire S.A.,https://twitter.com/eldesconcierto,https://www.facebook.com/eldesconciertocl/,https://www.instagram.com/eldesconcierto/,Gonzalo Badal,Periodico Digital,Portal- Internet,https://www.youtube.com/channel/UC4QNCnFjERgw1DcRdA2Gj3w,Portal- Internet,
15,Página 7,https://www.pagina7.cl/,N,del BioBío,Concepción,Biobio Comunicaciones,https://twitter.com/Pagina7Chile,https://www.facebook.com/pagina7chile/,https://www.instagram.com/pagina7chile/,Familia Mosciatti,Periodico Digital,"Digital,Internet, Radio online",https://www.youtube.com/channel/UC6ya9-XwJzxv1b6Zj29tSvQ,"Digital,Internet, Radio online",
16,CIPER Chile,http://www.ciperchile.cl,N,Metropolitana,Santiago,Fundacion CIPER- Grupo Copesa,https://twitter.com/ciper,https://www.facebook.com/ciperchile/,https://www.instagram.com/ciper_chile/,,Periodico Digital,Portal/internet,https://www.youtube.com/user/ciperchile,Portal/internet,
17,AS Chile,http://chile.as.com/chile/,N,Metropolitana,Providencia,Grupo Prisa España,https://twitter.com/ASChile,https://www.facebook.com/AS.com.chile/,https://www.instagram.com/aschileoficial/,,Periodico Digital,Portal Internet,https://www.youtube.com/diarioas,Portal Internet,
18,Radio Villa Francia,http://www.radiovillafrancia.cl/,N,Metropolitana,Estacion Central,Centro Cultural de Comunicación y Educación Radiofónica ''Chasqui'',https://twitter.com/rvfradiopopular,https://www.facebook.com/RadioVillaFrancia1/,https://www.instagram.com/radiovillafrancia3/,,Radio,Radio + Portal Internet,https://www.youtube.com/user/RadioVillaFrancia1,Radio + Portal Internet,
19,Radio Cooperativa,https://www.cooperativa.cl/,N,Metropolitana,Santiago,Compañía Chilena de Comunicaciones,https://twitter.com/Cooperativa,https://www.facebook.com/Cooperativa/,https://www.instagram.com/cooperativa/,Fundación para las Comunicaciones Sociales,Radio,"Radio, Digital, WebTv",https://www.youtube.com/user/CooperativaFM,"Radio, Digital, WebTv",
20,El Conquistador,http://www.elconquistadorfm.com/,N,Metropolitana,Santiago,Comunicaciones C Y V S A ,https://twitter.com/FMConquistador,https://www.facebook.com/elconquistadorfm/,https://www.instagram.com/elconquistadorfm/,Joaquin Molfino,Radio,"Radio, Web",https://www.youtube.com/channel/UCV78WcodZ7Q2GCq5QQx4ROw,"Radio, Web",
21,Digital FM Chile,http://www.digitalfm.cl/,N,Metropolitana,Santiago,El Mercurio S.A.P.,https://twitter.com/DigitalFmChile,https://www.facebook.com/Digitalfmchile/,https://www.instagram.com/digitalfmchile/,Agustin Edwards,Radio,Radio,https://www.youtube.com/user/DigitalFmChile,Radio,
22,Radio Duna,http://www.duna.cl/,N,Metropolitana,Providencia,Grupo Copesa,https://twitter.com/RadioDuna,https://www.facebook.com/RadioDuna/,https://www.instagram.com/radioduna/,Alvaro Sahie,Radio,"Radio, Web",https://www.youtube.com/channel/UC2dUjKdv0sezxuflNK4w8Pg,"Radio, Web",
23,Radio BioBio,http://www.biobiochile.cl/?ref=radiobiobio,N,del BioBío,Concepcion,Grupo Mosciatti,https://twitter.com/biobio,https://www.facebook.com/RadioBioBio/,https://www.instagram.com/biobiochile/,Familia Mosciatti,Radio,,https://www.youtube.com/channel/UCuvM3c8rmdApmk-g22shZ7w,,
24,Radio ADN ,http://www.adnradio.cl/,N,Metropolitana,Providencia,Ibero Americana Radio Chile,https://twitter.com/adnradiochile,https://www.facebook.com/adncl/,https://www.instagram.com/adnchile/,Familia Polanco,Radio,"Radio, Digital, WebTv",https://www.youtube.com/user/adnradiochile,"Radio, Digital, WebTv",
25,Pudahuel,https://www.pudahuel.cl/,N,Metropolitana,Providencia,Ibero Americana Radio Chile,https://twitter.com/RadioPudahuel,https://www.facebook.com/RadioPudahuel/,https://www.instagram.com/radiopudahuel/,Familia Polanco,Radio,"Radio, WebTv, Digital",N.E,"Radio, WebTv, Digital",
26,Radio La Clave ,http://radiolaclave.cl/,N,Metropolitana,Providencia,Miguel Nasur,https://twitter.com/radiolaclave,https://www.facebook.com/radiolaclave/,https://www.instagram.com/radiolaclave/,Miguel Nasur,Radio,Radio,https://www.youtube.com/user/radiolaclave,Radio,
27,Radio Agricultura,http://www.radioagricultura.cl/,N,Metropolitana,Santiago,Sociedad Nacional de Agricultura,https://twitter.com/AgriculturaFM,https://www.facebook.com/RadioAgricultura/,https://www.instagram.com/radioagricultura/,,Radio,"Radio, Portal Internet, Radio Online",https://www.youtube.com/channel/UCBkkqRIsRTbio4W7MwAZiEw,"Radio, Portal Internet, Radio Online",
28,Radio Uchile,https://radio.uchile.cl/,N,Metropolitana,Nuñoa,Universidad de Chile,https://twitter.com/uchileradio,https://www.facebook.com/RadioUniversidaddeChile/,https://www.instagram.com/radiouchile/,Juna Pablo Cárdenas,Radio,"Radio, Diario, Digital",https://www.youtube.com/channel/UCLFjv-Saz8b2_01asg9IQ-w,"Radio, Diario, Digital",
29,Glamorama ,http://www.glamorama.cl,N,Metropolitana,Santiago,Grupo Copesa,https://twitter.com/GlamoramaCL,https://www.facebook.com/GlamoramaCL/,https://www.instagram.com/glamoramacl/,Alvaro Sahie,Sumplemento-papel,"Suplemento-papel, Portal Internet",https://www.youtube.com/channel/UCLyLmHXHRVloDYqMuSD0Qig,"Suplemento-papel, Portal Internet",
30,Tele 13 Noticias,Www.13.cl/t13,N,Metropolitana,Providencia,Grupo Canal 13,https://twitter.com/T13,https://www.facebook.com/teletrece/,https://www.instagram.com/teletrece/,Andrónico Luksic,TV Abierta,TV-Abierta-Portal-Internet,https://www.youtube.com/user/t13video,TV-Abierta-Portal-Internet,
31,Tele13Radio,http://www.t13.cl/radio,N,de Los Lagos,Santiago,Grupo Luksic,https://twitter.com/Tele13_radio,https://www.facebook.com/Tele13Radio/,https://www.instagram.com/tele13_radio/,Andronico Luksic,Radio,Radio Online/Podcast/ Portal Internet,N.E,Radio Online/Podcast/ Portal Internet,
32,El Deportivo,https://www.latercera.com/canal/el-deportivo/,N,Metropolitana,Santiago,Grupo Copesa,https://twitter.com/ElDeportivoLT,https://www.facebook.com/eldeportivoLT/,https://www.instagram.com/eldeportivolt,Alvaro Sahie,Diario Papel,Periodico Digital/ Portal Internet,https://www.youtube.com/playlist?list=PL00jFdGQghEnctMyvsGovyqd2GfcIE8oA,Periodico Digital/ Portal Internet,
33,Fortin Mapocho,http://www.fortinmapocho.cl  ,N,Metropolitana,Santiago,MAURICIO CATONI CONTRERAS,https://twitter.com/FortinOficial,https://www.facebook.com/fortinoficial/,https://www.instagram.com/fortinoficial/,MAURICIO CATONI CONTRERAS,Periodico Digital,Portal Internet,https://www.youtube.com/user/mcatoni,Portal Internet,
34,"Izquierda Diario, La",www.laizquierdadiario.cl,N,Metropolitana,Santiago,Red Internacional de Diarios (Trotskistas),https://twitter.com/LID_Chile,https://www.facebook.com/Laizquierdadiariochile/,https://www.instagram.com/laizquierdadiariocl/,?,Periodico Digital,Portal Internet,https://www.youtube.com/channel/UCkGgcyUS8ZLmYOZKaiVISdw,Portal Internet,
35,La cuarta,https://www.lacuarta.com,N,Metropolitana,Nuñoa,Grupo Copesa,https://twitter.com/lacuarta,https://www.facebook.com/DiarioLaCuarta/,https://www.instagram.com/lacuartacom/,Alvaro Sahie,Diario Papel,"Papel, Digital, WebTv",https://www.youtube.com/user/lacuarta2007,"Papel, Digital, WebTv",
36,emol,https://www.emol.com,N,Metropolitana,Santiago,El Mercurio S.A.P.,https://twitter.com/Emol,https://www.facebook.com/emolcl/,https://www.instagram.com/emolcom/,Agustin Edwards,Periodico Digital,Digital,N.E,Digital,
37,LUN,http://www.lun.com,N,Metropolitana,Santiago,El Mercurio S.A.P.,https://twitter.com/lun,https://www.facebook.com/LasUltimasNoticias/,https://www.instagram.com/lungram/,Agustin Edwards,Diario Papel,"Papel, digital",N.E,"Papel, digital",
38,Interferencia,https://interferencia.cl,N,Metropolitana,Santiago,Ediciones Interferencia SPA,https://twitter.com/InterferenciaCL,https://www.facebook.com/InterferenciaChile/,https://www.instagram.com/interferencia.cl/,Victor Herrero,Periodico Digital,Pagina web,,Pagina web,
39,La Red TV,https://lared.cl/,N,Metropolitana,Macul,Albavisión (MX),https://twitter.com/LaRedTV,https://www.facebook.com/CanalLaRed/,https://www.instagram.com/laredtv/,Remigio Ángel González,Canal TV,Tv Abierta,https://www.youtube.com/user/laredcl,Tv Abierta,
40,La Segunda,https://digital.lasegunda.com,N,Metropolitana,Santiago,El Mercurio S.A.P.,https://twitter.com/La_Segunda,https://www.facebook.com/LaSegundaCom/,https://www.instagram.com/diariolasegunda/,Agustin Edwards,Diario Papel,"Papel, Digital",N.E,"Papel, Digital",
41,La Nacion,http://lanacion.cl/,N,Metropolitana,Santiago,Empresa Periodistica La Nación S.A.,https://twitter.com/nacioncl,https://www.facebook.com/lanacionchile/,https://www.instagram.com/lanacioncl/,,Diario Papel,"Papel, Digital",https://www.youtube.com/user/nacioncl,"Papel, Digital",
42,La Hora,http://www.lahora.cl,N,Metropolitana,Santiago,Grupo Copesa,https://twitter.com/DiarioLaHora,https://www.facebook.com/LaHoraCl/,https://www.instagram.com/lahorascl/,Alvaro Sahie,Diario Papel,"Papel, digital",N.E,"Papel, digital",
43,El Clarin,https://www.elclarin.cl,N,Metropolitana,Santiago,Fundación Presidente Allende,https://twitter.com/ELCLARINDECHILE,https://www.facebook.com/ELClarindeChile/,https://www.instagram.com/elclarin.cl/,,Diario Papel,Digital,https://www.youtube.com/channel/UC_xEm3AtqIqQ3zRzuqEAtQw,Digital,
44,Cambio 21,https://cambio21.cl,N,Metropolitana,Santiago,Sociedad Periodística Cambio S.A.,https://twitter.com/cambio21cl,https://www.facebook.com/cambio21cl/,NE,,Diario Papel,"Papel, digital",https://www.youtube.com/channel/UCsQluFgBYGp7IFcV7S-MuRw,"Papel, digital",
45,El Siglo,http://elsiglo.cl,N,Metropolitana,Santiago,Partido Comunista de Chile,https://twitter.com/elsiglochile,https://www.facebook.com/elsiglochile/,https://www.instagram.com/elsiglochile/,Guillermo Tellier,Diario Papel,"Papel, digital",https://www.youtube.com/channel/UCEMzQUTq7RYyzJqLoBTy6_A,"Papel, digital",
46,Mapuexpress,https://www.mapuexpress.org/,N,Araucanía,Temuco,Colectivo de Comunicacion Mapuche Mapuexpress,https://twitter.com/mapuexpress,https://www.facebook.com/Mapuexpress.org/,https://www.instagram.com/mapuexpress/,,Periodico Digital,Digital,https://www.youtube.com/channel/UCAFfqLGTF2tp0atLlkKtAQA,Digital,
47,Radio Nuevo Mundo,https://www.radionuevomundo.cl/,N,Metropolitana,Santiago,Compañía de Radio y TV Nuevo Mundo S.A,https://twitter.com/RNuevoMundo,https://www.facebook.com/RadioNuevoMundo/,https://www.instagram.com/rnuevomundo/,Jorge Tellier,Radio,Radio + Portal Internet,,Radio + Portal Internet,
48,El Definido,www.eldefinido.cl/,N,Metropolitana,Providencia,El Definido,https://twitter.com/eldefinido,https://www.facebook.com/ElDefinido/,https://www.instagram.com/eldefinido/,Cristian Mackenna,Periodico Digital,Web,https://www.youtube.com/channel/UCroDaeqzWnOoQQ4fEWoR2FA,Web,
49,Diario Pulso,http://www.pulso.cl/,N,Metropolitana,Ñuñoa,Grupo Copesa,https://twitter.com/pulso_tw,https://www.facebook.com/PulsoChile/,https://www.instagram.com/lt_pulso/,Alvaro Sahie,Periodico Digital,"Papel, digital, WebTv",N.E,"Papel, digital, WebTv",
50,El Periodista,https://www.elperiodista.cl/,N,Metropolitana,Santiago,El Periodista S.A,https://twitter.com/ElPeriodista,https://www.facebook.com/revistaelperiodista2/,https://www.instagram.com/epelperiodista/,Francisco Martorell-Eugenio Gonzalez A.- Rosalinda Arellano V,Diario Papel,Digital,https://www.youtube.com/channel/UCP72ne312mridrFfFzpAgDA,Digital,
51,Resumen,https://resumen.cl/,N,del BioBío,Concepción,Centro Cultural Ilcep,https://twitter.com/rsumen,https://www.facebook.com/PeriodicoResumenConcepcion/,https://www.instagram.com/resumen.cl/,Felipe Soto Cortés,Diario Papel,periodico online e impreso,https://www.youtube.com/user/resumentelevision,periodico online e impreso,
52,El Observatodo,http://www.elobservatodo.cl,R,de Coquimbo,Coquimbo,Grupo Mi Voz Red de Diarios Ciudadanos,https://twitter.com/elobservatodo,https://www.facebook.com/elobservatodocl/,https://www.instagram.com/elobservatodo.cl/,Jorge Domínguez Larraín,Periodico Digital,"Portal internet, tv digital",https://www.youtube.com/user/elobservatodo,"Portal internet, tv digital",
53,El Naveghable,http://www.elnaveghable.cl,R,Los Ríos,Valdivia,Grupo Mi Voz Red de Diarios Ciudadanos,https://twitter.com/elnaveghable,https://www.facebook.com/elnaveghablecl/,https://www.instagram.com/elnaveghable.cl/,Jorge Domínguez Larraín,Periodico Digital,"Portal internet, tv digital",https://www.youtube.com/user/diarioelnaveghable,"Portal internet, tv digital",
54,El Magallanews,http://www.elmagallanews.cl/,R,Magallanes,Punta Arenas,Grupo Mi Voz Red de Diarios Ciudadanos,https://twitter.com/elmagallanews,https://www.facebook.com/elmagallanewscl/,https://www.instagram.com/elmagallanews.cl/,Jorge Domínguez Larraín,Periodico Digital,Portal- Internet,https://www.youtube.com/user/magallanews,Portal- Internet,
55,El Concecuente,http://www.elconcecuente.cl/,R,del BioBío,Concepción,Grupo Mi Voz Red de Diarios Ciudadanos,https://twitter.com/elconcecuente,https://www.facebook.com/elconcecuentecl/,https://www.instagram.com/elconcecuente.cl/,Jorge Domínguez Larraín,Periodico Digital,Portal- Internet,https://www.youtube.com/user/diarioelconcecuente/about,Portal- Internet,
56,El Boyaldia,http://www.elboyaldia.cl/,R,Tarapaca,Iquique,Grupo Mi Voz Red de Diarios Ciudadanos,https://twitter.com/ElBoyaldia,https://www.facebook.com/elboyaldiacl/,https://www.instagram.com/elboyaldia.cl/,Jorge Domínguez Larraín,Periodico Digital,Portal-Internet,https://www.youtube.com/user/elboyaldia,Portal-Internet,
57,El Amaule,http://www.elamaule.cl/,R,Maule,Talca,Grupo Mi Voz Red de Diarios Ciudadanos,https://twitter.com/elamaule,https://www.facebook.com/elamaulecl/,https://www.instagram.com/elamaule.cl/,Jorge Domínguez Larraín,Periodico Digital,Portal-Internet,N.E,Portal-Internet,
58,El Repuertero,http://www.elrepuertero.cl/,R,de Los Lagos,Llanquihue,Grupo Mi Voz Red de Diarios Ciudadanos,https://twitter.com/elrepuertero,https://www.facebook.com/elrepuerterocl/,https://www.instagram.com/elrepuertero.cl/,Jorge Domínguez Larraín,Periodico Digital,Digital Portal-Web,https://www.youtube.com/user/DiarioElRepuertero,Digital Portal-Web,
59,El Quehaydecierto,http://www.elquehaydecierto.cl/,R,Atacama,Copiapó,Grupo Mi Voz Red de Diarios Ciudadanos,https://twitter.com/elqhaydecierto,https://www.facebook.com/elquehaydeciertocl/,https://www.instagram.com/elquehaydecierto.cl/,Jorge Domínguez Larraín,Periodico Digital,Portal-Internet,N.E,Portal-Internet,
60,El Rancahuaso,http://www.elrancahuaso.cl/,R,de O'Higgings,Rancagua,Grupo Mi Voz Red de Diarios Ciudadanos,https://twitter.com/elrancahuaso,https://www.facebook.com/elrancahuasocl/,https://www.instagram.com/elrancahuaso.cl/,Jorge Domínguez Larraín,Periodico Digital,,N.E,,
61,El Vacanudo,http://www.elvacanudo.cl/,R,de Los Lagos,Osorno,Grupo Mi Voz Red de Diarios Ciudadanos,https://twitter.com/elvacanudo,https://www.facebook.com/elvacanudocl/,https://www.instagram.com/elvacanudo.cl,Jorge Domínguez Larraín,Periodico Digital,Portal-Web,https://www.youtube.com/user/elvacanudo,Portal-Web,
62,La Opiñón,http://www.laopinon.cl,R,Araucanía,Santiago,Inversiones y Publicaciones Comunidades Ciudadanas S.A.,https://twitter.com/laopinon,https://www.facebook.com/laopinoncl/,https://www.instagram.com/laopinon.cl/,,Periodico Digital,Portal-Internet,N.E,Portal-Internet,
63,Canal TVU,http://www.tvu.cl/,R,del BioBío,Concepcion,Holding Octava Comunicaciones S.A.,http://twitter.com/TVU_television,https://www.facebook.com/TVUCanal/,https://www.instagram.com/tvu_television/,,TV Abierta,Tv Abierta/Cable/Portal-Internet,https://www.youtube.com/user/webtvu,Tv Abierta/Cable/Portal-Internet,
64,El Morrocotudo,https://www.elmorrocotudo.cl,R,Arica y Parinacota,Arica,Grupo Mi Voz Red de Diarios Ciudadanos,http://twitter.com/elmorrocotudo,https://www.facebook.com/elmorrocotudocl/,https://www.instagram.com/elmorrocotudo.cl/,Grupo Mi Voz Red de Diarios Ciudadanos,Periodico Digital,"Portal internet, tv digital",https://www.youtube.com/playlist?list=PL4620F36134471B24,"Portal internet, tv digital",
65,El nortero,https://www.elnortero.cl,R,de Antofagasta,Antofagasta,Grupo Mi Voz Red de Diarios Ciudadanos,http://twitter.com/elnortero,https://www.facebook.com/elnorterocl/,https://www.instagram.com/elnortero.cl/,Jorge Domínguez Larraín,Periodico Digital,"Portal internet, tv digital",https://www.youtube.com/user/elnortero,"Portal internet, tv digital",
66,El Martutino,http://www.elmartutino.cl,R,de Valparaiso,Valparaíso,Grupo Mi Voz Red de Diarios Ciudadanos,http://twitter.com/elmartutino,https://www.facebook.com/elmartutinocl/,https://www.instagram.com/elmartutino.cl/,Jorge Domínguez Larraín,Periodico Digital,"Portal Internet,",https://www.youtube.com/user/elmartutino,"Portal Internet,",
67,Alamedia,https://www.alamedia.cl/,R,Metropolitana,Santiago,Grupo Mi Voz Red de Diarios Ciudadanos,http://twitter.com/alamediaCL,https://www.facebook.com/alamediacl/,https://www.instagram.com/alamedia.cl/,Jorge Domínguez Larraín,Periodico Digital,"Portal Internet,",,"Portal Internet,",
68,La Discusión de Chillan,http://www.ladiscusion.cl/,R,Ñuble,Chillán,La Discusión SA,http://twitter.com/ladiscusioncl,https://www.facebook.com/ladiscusioncl/,https://www.instagram.com/ladiscusion.cl/,Daniel Sepúlveda Henriquez,Diario Papel,"Diario-Papel, Porta Internet",https://www.youtube.com/channel/UCqbwbvBtHPmrgbvVkSSpuqw,"Diario-Papel, Porta Internet",
69,El Epicentro,http://www.elepicentro.cl,R,de Valparaiso,Valparaíso,Consorcio Periodístico El Epicentro S.A,http://twitter.com/elepicentro,https://www.facebook.com/elepicentrocl/,https://www.instagram.com/elepicentro.cl/,Alex Molina,Diario Papel,"Diario, Portal- Internet",N.E,"Diario, Portal- Internet",
70,El Divisadero Coihayque,https://www.eldivisadero.cl/home,R,de Aysen,Coyhaique,El Divisadero,http://twitter.com/ddivisadero,https://www.facebook.com/eldivisadero/,https://www.instagram.com/eldivisadero.cl/,Hugo Araya,Diario Papel,"Diario, Portal- Internet",https://www.youtube.com/channel/UCnD5bmhuKxdF5pTtTofY-8A,"Diario, Portal- Internet",
71,Diario El Dia (Reg Coquimbo) ,http://www.diarioeldia.cl/,R,de Coquimbo,La Serena,Diario ELDIA,http://twitter.com/eldia_cl,https://www.facebook.com/diarioeldiacl/,https://www.instagram.com/eldia.cl/,,Diario Papel,"Diario-papel, Portal internet",https://www.youtube.com/user/eldiacl,"Diario-papel, Portal internet",
72,El Austral de la Araucanía,http://www.australtemuco.cl/,R,Araucanía,Temuco,El Mercurio S.A.P,http://twitter.com/AustralTemuco,https://www.facebook.com/australtemuco/,https://www.instagram.com/australaraucania/,Agustin Edwards,Diario Papel,Portal-Internet,https://www.youtube.com/user/soytemuco,Portal-Internet,
73,El Mercurio Valpo,http://www.soychile.cl/valparaiso/,R,de Valparaiso,Valparaíso,El Mercurio S.A.P,http://twitter.com/soyvalparaiso,https://www.facebook.com/mercuriovalpo/,https://www.instagram.com/mercuriovalpo/,Agustin Edwards,Diario Papel,"Diario-papel, portal internet",https://www.youtube.com/user/mercuriovalp,"Diario-papel, portal internet",
74,El  Austral Osorno,http://www.soychile.cl/osorno/,R,de Los Lagos,Osorno,El Mercurio S.A.P,http://twitter.com/austral_osorno,https://www.facebook.com/australosorno/,https://www.instagram.com/australdeosorno/,Agustin Edwards,Diario Papel,Portal-Internet,https://www.youtube.com/user/soyosorno/videos,Portal-Internet,
75,El Trabajo de Aconcagua,http://www.eltrabajo.cl/portal/,R,de Valparaiso,San Felipe ,El Trabajo,http://twitter.com/diarioeltrabajo,https://www.facebook.com/ElTrabajoDiario/,https://www.instagram.com/diario_el_trabajo/,Marco Antonio Juri,Diario Papel,Diario-Papel,N.E,Diario-Papel,
76,La Prensa Austral,http://www.laprensaaustral.cl/,R,Magallanes,Punta Arenas ,Empresa de Publicaciones La Prensa Austral S.A.,http://twitter.com/LaPrensAustral,https://www.facebook.com/laprensaaustral/,https://www.instagram.com/la_prensa_austral/,,Diario Papel,"Diario-Papel, Portal-Internet, Radio",www.youtube.com/channel/UCO-R148IW6EHcp-0IGxqi-A,"Diario-Papel, Portal-Internet, Radio",
77,La Prensa de Curicó,http://www.diariolaprensa.cl/,R,Maule,Curicó,Empresa Periodística Curicó Ltda.,http://twitter.com/laprensacurico,https://www.facebook.com/laprensacurico/,https://www.instagram.com/diariolaprensa.cl/,,Diario Papel,"Diario-Papel, Portal-Internet",N.E,"Diario-Papel, Portal-Internet",
78,El Pingüino de Magallanes,https://elpinguino.com/,R,Magallanes,Punta Arenas,Patagonica Publicaciones S.A.,http://twitter.com/pinguinodiario,https://www.facebook.com/pinguinomultimedia/,https://www.instagram.com/el_pinguino_multimedia/,,Diario Papel,"Diario-papel, radio, tv, portal internet",https://www.youtube.com/user/pinguinomultimedia,"Diario-papel, radio, tv, portal internet",
79,Diario La Región ,http://www.diariolaregion.cl/portal/,R,de Coquimbo,Coquimbo,Sociedad Periodistica Guayacan,http://twitter.com/LaRegionDiario,https://www.facebook.com/LaRegionDiario/,https://www.instagram.com/diariolaregion_oficial/,Luis Villagran,Diario Papel,Diario papel e Internet,N.E,Diario papel e Internet,
80,Diario Concepción,https://www.diarioconcepcion.cl/,R,del BioBío,Concepción ,UdeC - Grupo Copesa,http://twitter.com/Diarioconce,https://www.facebook.com/diarioconcepcion/,https://www.instagram.com/diarioconcepcion/,,Diario Papel,"Diario-papel, Portal internet",https://www.youtube.com/user/diarioconcepcion,"Diario-papel, Portal internet",
81,Elqui Global,http://www.elquiglobal.cl/,R,de Coquimbo,Elqui ,CEPT Comunicaciones,http://twitter.com/Elquiglobal,https://www.facebook.com/Elquiglobalcl/,https://www.instagram.com/elquiglobal/,,Diario Papel,Portal Internet,https://www.youtube.com/channel/UCjc1KwgrlCXbupsFrwD6I3Q,Portal Internet,
82,Maule Noticias,http://www.maulenoticias.cl/,R,Maule,Talca ,N.E,http://twitter.com/MauleNoticias,https://www.facebook.com/MauleNoticiasOficial/,https://www.instagram.com/maulenoticias/,,N.E,N.E,https://www.youtube.com/channel/UCLbFmKaCBmVvrGDqD1zuu1g,N.E,
83,La Tribuna,http://www.latribuna.cl/,R,del BioBío,Los Angeles ,Empresa Periodística Bío-Bío Ltda.,http://twitter.com/latribunacl,https://www.facebook.com/latribunacl/,https://www.instagram.com/latribuna.cl/,,Periodico Digital,Sitio web.,N.E,Sitio web.,
84,Diario El Sur,http://www.elsur.cl/impresa/2016/04/09/papel/,R,del BioBío,Concepción,Diario El Sur S.A,http://twitter.com/elsurcl,https://www.facebook.com/elsurcl/,https://www.instagram.com/elsurcl,Diario El Sur S.A,Diario Papel,,N.E,,
85,El Mercurio Afta,https://www.soychile.cl/antofagasta/,R,de Antofagasta,Antofagasta,El Mercurio S.A.P,http://twitter.com/mercurioafta,https://www.facebook.com/elmercuriodeantofagasta/,https://www.instagram.com/mercurioantofagasta.cl/,Agustin Edwards,Diario Papel,"Diario-papel, portal internet",https://www.youtube.com/user/mercurioafta,"Diario-papel, portal internet",
86,La Estrella de Valparaíso,https://www.estrellavalpo.cl/,R,de Valparaiso,Valparaiso,El Mercurio S.A.P,http://twitter.com/laestrellavalpo,https://www.facebook.com/laestrellavalpo/,https://www.instagram.com/laestrellavalpo/,Agustin Edwards,Diario Papel,"Diario-Papel, Portal-Internet",N.E,"Diario-Papel, Portal-Internet",
87,El Llanquihue,https://www.ellanquihue.cl,R,de Los Lagos,Puerto Montt,El Mercurio S.A.P.,http://twitter.com/ellanquihue,https://www.facebook.com/diariollanquihue/,NE,Agustin Edwards,Diario Papel,"Diario, Portal- Internet",https://www.youtube.com/user/diarioelllanquihue/videos,"Diario, Portal- Internet",
88,Austral Los Ríos,http://www.australvaldivia.cl/,R,Los Ríos,Valdivia,El Mercurio S.A.P,http://twitter.com/austral_losrios,https://www.facebook.com/australdelosrios/,https://www.instagram.com/australdelosrios/,Agustin Edwards,Diario Papel,"Diario-papel, Portal internet",N.E,"Diario-papel, Portal internet",
89,La estrella de Iquique,http://www.estrellaiquique.cl,R,Tarapaca,Iquique,El Mercurio S.A.P,http://twitter.com/laestrellaiqq,https://www.facebook.com/estrellaiquique/,https://www.instagram.com/laestrelladeiquique/,Agustin Edwards,Diario Papel,"Diario-Papel, Portal-Internet",www.youtube.com/user/laestrellaiqq/videos,"Diario-Papel, Portal-Internet",
90,La estrella de antofagasta,https://www.estrellaantofagasta.cl/,R,de Antofagasta,Antofagasta,El Mercurio S.A.P.,http://twitter.com/laestrellantofa,https://www.facebook.com/estrellaantofagasta/,NE,Agustin Edwards,Diario Papel,"Diario-Papel, Porta Internet",N.E,"Diario-Papel, Porta Internet",
91,El diario de Antofagasta,https://www.diarioantofagasta.cl/,R,de Antofagasta,Antofagasta,Consorcio Periodístico El Norte SpA,http://twitter.com/diarioafta,https://www.facebook.com/diarioantofagasta/,https://www.instagram.com/diarioafta/,,Periodico Digital,Portal Internet,https://www.youtube.com/user/diarioantofagasta,Portal Internet,
92,El diario Atacama,https://www.diarioatacama.cl/,R,Atacama,Copiapó,El Mercurio S.A.P,https://twitter.com/diarioatacama,https://www.facebook.com/ElDiariodeAtacama/,NE,Agustin Edwards,Diario Papel,"Diario-papel, Portal internet",N.E,"Diario-papel, Portal internet",
93,La estrella de Concepción,https://www.estrellaconcepcion.cl/,R,del BioBío,Concepción,El Mercurio S.A.P.,https://twitter.com/estrellaconce,https://www.facebook.com/LaEstrelladeConcepcion/,NE,Agustin Edwards,Diario Papel,"Diario-Papel, Portal-Internet",N.E,"Diario-Papel, Portal-Internet",
94,Cronica de Chillán,https://www.cronicachillan.cl/,R,Ñuble,Chillán,Diario El Sur S.A.,https://twitter.com/CronicaChillan,https://www.facebook.com/cronicachillan/,https://www.instagram.com/cronica_chillan/,,Diario Papel,"Diario-papel, Portal internet",https://www.youtube.com/user/cronicachillan,"Diario-papel, Portal internet",
95,Red Antofagasta,http://redantofagasta.com,R,de Antofagasta,Antofagasta ,Merelec SpA ,https://twitter.com/RedAntofagasta,https://www.facebook.com/antofagastared/,https://www.instagram.com/redmaule/,Juan Eduardo Prieto,Periodico Digital,diario online,https://www.youtube.com/channel/UCJl7uI-rBmcqw49mc8Hm_ug,diario online,
96,Red Coquimbo,http://redcoquimbo.com/,R,de Coquimbo,Coquimbo,Merelec SpA ,https://twitter.com/red_coquimbo,https://www.facebook.com/coquimbored/,https://www.instagram.com/diariosenred/,Juan Eduardo Prieto,Periodico Digital,diario online,https://www.youtube.com/channel/UCKX5_k-SUhjquJGyQg2DKYA,diario online,
97,Red Maule,http://redmaule.com/,R,Maule,Talca,Merelec SpA ,https://twitter.com/RedMaule,https://www.facebook.com/redmaule/,https://www.instagram.com/redmaule/,Juan Eduardo Prieto,Periodico Digital,diario online,https://www.youtube.com/user/redmaule,diario online,
98,Red Arica,http://redarica.com/,R,Arica y Parinacota,Arica,Merelec SpA ,https://twitter.com/RedArica,https://www.facebook.com/redaricader/,https://www.instagram.com/redmaule/,Juan Eduardo Prieto,Periodico Digital,diario online,https://www.youtube.com/channel/UCICfyAUsBr2CeRx-oopOrPw,diario online,
99,Red Araucanía,http://redaraucania.com/,R,Araucanía,Temuco,Merelec SpA ,https://twitter.com/RedAraucania,https://www.facebook.com/redaraucania/,https://www.instagram.com/redmaule/,Juan Eduardo Prieto,Periodico Digital,diario online,https://www.youtube.com/channel/UCoQdxo8JwvgjWdXvQnWD8qg,diario online,
100,Red Atacama,http://www.redatacama.com/,R,Atacama,Copiapó,Merelec SpA ,https://twitter.com/redatacama,https://www.facebook.com/redatacama/,https://www.instagram.com/redmaule/,Juan Eduardo Prieto,Periodico Digital,diario online,https://www.youtube.com/channel/UCJFbnsXQnqv9MK-Li11RPJg,diario online,
101,Red Biobío,http://redbiobio.com/,R,del BioBío,Concepcion,Merelec SpA ,https://twitter.com/RedBiobio,https://www.facebook.com/redbiobio/,https://www.instagram.com/redmaule/,Juan Eduardo Prieto,Periodico Digital,diario online,https://www.youtube.com/channel/UCvo3SqCXy9rUDIXxH-UC3Gg,diario online,
102,Red Los Lagos,http://redloslagos.com/,R,de Los Lagos,Puerto Montt,Merelec SpA ,https://twitter.com/redloslagos,https://www.facebook.com/redloslagos/,https://www.instagram.com/redmaule/,Juan Eduardo Prieto,Periodico Digital,diario online,https://www.youtube.com/channel/UCq1Tyef12nPia8ym7HTcxaQ,diario online,
103,Red Los Ríos,http://redlosrios.com/,R,Los Ríos,Valdivia,Merelec SpA ,https://twitter.com/RedlosRios,https://www.facebook.com/redlosrios/,https://www.instagram.com/redmaule/,Juan Eduardo Prieto,Periodico Digital,diario online,https://www.youtube.com/channel/UCDHgBXKIiz2KKISPXvXQsbw,diario online,
104,Red O'Higgins,http://www.redohiggins.com,R,de O'Higgings,Rancagua ,Merelec SpA ,https://twitter.com/Red_OHiggins,https://www.facebook.com/redohiggins/,https://www.instagram.com/redmaule/,Juan Eduardo Prieto,Periodico Digital,diario online,https://www.youtube.com/channel/UCPOy2WfUMGxaG9QLrnrdXQQ,diario online,
105,Red Valparaíso,http://redvalparaiso.com,R,de Valparaiso,Valparaíso,Merelec SpA ,https://twitter.com/RedValparaiso,https://www.facebook.com/redvalparaiso/,https://www.instagram.com/redmaule/,Juan Eduardo Prieto,Periodico Digital,diario online,https://www.youtube.com/channel/UCByg9Mz5e71cX2jLQE9oebQ,diario online,
106,Clave 9,http://www.clave9.cl/,R,Araucanía,Temuco,Clave9,https://twitter.com/Clave9cl,https://www.facebook.com/clave9cl/,https://www.instagram.com/clave9/,Julio Rodriguez,Periodico Digital,Portal/internet,https://www.youtube.com/user/clave9cl/videos,Portal/internet,
107,El Sol de Iquique,http://www.elsoldeiquique.cl/,R,Tarapaca,Iquique,El sol de Iquique,https://twitter.com/elsoldeiquique,https://www.facebook.com/ElSoldeIquique/,https://www.instagram.com/elsoldeiquique/,José Cancino,Periodico Digital,Portal-Web,https://www.youtube.com/channel/UCHIsEvVfOgCSEh9Dq5ksY3w,Portal-Web,
108,Diario El Observador,http://web.observador.cl/,HL,de Valparaiso,Quillota,Empresa Periodística El Observador Ltda,https://twitter.com/eo_enlinea,https://www.facebook.com/ElObservadorQuillota/,https://www.instagram.com/eo_enlinea/,Roberto Silva Bijit ,Diario Papel,"Diario-papel, Portal internet",https://www.youtube.com/user/videoselobservador,"Diario-papel, Portal internet",
109,Diario Paillaco,http://www.diariopaillaco.cl/,HL,Los Ríos,Paillaco,Grupo Diario Sur,https://twitter.com/DiarioPaillaco,https://www.facebook.com/Diariopaillaco/,https://www.instagram.com/prensalosrios,Osvaldo Soto,Periodico Digital,,N.E,,
110,OvalleHoy.cl,https://ovallehoy.cl/,HL,de Coquimbo,Ovalle ,SOCIEDAD PERIODÍSTICA BANIC Y LANCELLOTTI LTDA,https://twitter.com/DiarioOvalleHoy,https://www.facebook.com/DiarioOvalleHoy/,https://www.instagram.com/diarioscomunales/,,Periodico Digital,diario electronico,https://www.youtube.com/channel/UC_7d0k6r5dB8VwpW_fUzckw,diario electronico,
111,Radio Chiloé,http://www.radiochiloe.cl/,HL,de Los Lagos,Castro,Velásquez Hnos. y Cía. Ltda.,https://twitter.com/radiochiloe,https://www.facebook.com/RadioChiloeAM/,https://www.instagram.com/radiochiloe/,,Radio,"Radio, Portal Internet, Radio Online",https://www.youtube.com/channel/UC4KtpRSHc6nimIwCyWQZwxQ,"Radio, Portal Internet, Radio Online",
112,Hoy Cañete,http://xn--hoycaete-h3a.cl/,HL,del BioBío,Cañete,N.E,https://twitter.com/hoycanete,https://www.facebook.com/HoyCanetecl/,https://www.instagram.com/hoycanete/,,Periodico Digital,Portal Internet,https://www.youtube.com/channel/UCPYdx3u8khx3T0XZTzE7i3Q,Portal Internet,
113,Red Panguipulli,http://redpanguipulli.cl/,HL,Los Ríos,Panguipulli ,Del Sur Comunicaciones,https://twitter.com/redpanguipulli,https://www.facebook.com/RedPanguipulli/,https://www.instagram.com/redpanguipulli/,Jonathan Alexis Chandia Fierro,Periodico Digital,Portal Internet,https://www.youtube.com/channel/UCOtJRwfkd8CI4-ieKCl54tw,Portal Internet,
114,El Heraldo Austral,http://www.eha.cl/,HL,de Los Lagos,Puerto Varas,Paola Alvarez B.,https://twitter.com/diario_eha,https://www.facebook.com/www.ehacl/,https://www.instagram.com/elheraldoaustral/,Paola Alejandra Alvarez Bravo,Diario Papel,Periodico Digital/ Portal Internet,https://www.youtube.com/user/ElHeraldoAustral,Periodico Digital/ Portal Internet,
115,El Cachapoal.cl,http://elcachapoal.cl/ec/,HL,de O'Higgings,Rancagua,Carolina Perez Araya,https://twitter.com/elcachapoal,https://www.facebook.com/elcachapoal/,https://www.instagram.com/elcachapoal/,?,Periodico Digital,Portal Internet,N.E,Portal Internet,
116,Alerta Concón,www.alertaconcon.cl,HL,de Valparaiso,Valparaíso,N.E.,https://twitter.com/alertaconcon,https://www.facebook.com/alertaconcon/,https://www.instagram.com/alertaconcon/,?,Periodico Digital,Portal Internet,https://www.youtube.com/channel/UCEMV4z5yI6d99cGL-wfXTAQ,Portal Internet,
117,Chicureo Hoy,www.chicureohoy.cl,HL,Metropolitana,Metropolitana,Chicureo Hoy SPA,https://twitter.com/chicureohoy,https://www.facebook.com/chicureohoy/,https://www.instagram.com/chicureohoy/,Andrés Sepúlveda,Periodico Digital,Portal Internet,https://www.youtube.com/channel/UCwbZ9FO-lu4V1l61mYLsJdg,Portal Internet,
118,Diario Puerto Varas,www.diariopuertovaras.cl,HL,de Los Lagos,Puerto Varas,"Constanza Hitschfeld, directora",https://twitter.com/DPuertoVaras,https://www.facebook.com/diariopuertovaras/,https://www.instagram.com/diariopuertovaras/,Constanza Hitschfeld,Periodico Digital,Portal Internet,N.E,Portal Internet,
119,"Informador Valdiviano, El",www.elinformadorvaldiviano.cl,HL,Los Ríos,Los Ríos,Rodrigo Nuñez Mora,https://twitter.com/informavaldivia,https://www.facebook.com/elinformadorvaldiviano/,https://www.instagram.com/elinformadorvaldiviano/,?,Periodico Digital,Portal Internet,https://www.youtube.com/channel/UC94b3IiXAB46WVhkJ2JGaog,Portal Internet,
120,Portal de Melipilla,www.portaldemelipilla.cl,HL,Metropolitana,Metropolitana,Consultora e Inversiones RM Limitada,https://twitter.com/portaldemeli,https://www.facebook.com/portaldemelipilla/,https://www.instagram.com/portaldemelipilla/,Felipe Morales Orozco,Periodico Digital,Portal Internet,N.E,Portal Internet,
121,Radio Las Nieves,www.rln.cl,HL,de Aysen,Puerto Aysen,Las Nieves LTDA,https://twitter.com/radiolasnieves,https://www.facebook.com/radiolasnieves/,https://www.instagram.com/radiolasnieves/,Orlando Figuerola Lewis,Radio,"Portal Internet, Radio online, Radio FM",https://www.youtube.com/user/rlnaysen,"Portal Internet, Radio online, Radio FM",
122,Rengo Notas,www.rengonotas.cl,HL,de O'Higgings,O'Higgins,José Sanfurgo Mejías,https://twitter.com/RengoNotas,https://www.facebook.com/rengo.notas/,https://www.instagram.com/rengonotasuno/,José Sanfurgo Mejías,Periodico Digital,"Portal internet, Periodico digital",https://www.youtube.com/user/rengonotascl,"Portal internet, Periodico digital",
123,Santa Cruz FM,www.santacruzfm.cl,HL,de O'Higgings,O'Higgins,Radiodifusoras Santa Cruz Limitada,https://twitter.com/santacruzfm943,https://www.facebook.com/santacruzfm94.3/,https://www.instagram.com/radiosantacruzfm/,?,Radio,"Portal Internet, Radio FM, Radio online",https://www.youtube.com/channel/UCddpOe3WqcS-Pf0k0oyiW_g,"Portal Internet, Radio FM, Radio online",
124,El Hurtadino,http://elhurtadino.cl,HL,de Coquimbo,Rio Hurtado,Red de Diarios Comunales Sociedad Limitada,https://twitter.com/elhurtadino,https://www.facebook.com/elhurtadino/,https://www.instagram.com/diarioscomunales/,,Periodico Digital,Portal- Internet,https://www.youtube.com/channel/UCuIC_QaVFK8q1ShTHn5MXZw,Portal- Internet,
125,La Perla del Limarí,http://www.laperladellimari.cl,HL,de Coquimbo,Ovalle ,Red de Diarios Comunales,https://twitter.com/laperladelimari,https://www.facebook.com/laperladellimari/,https://www.instagram.com/diarioscomunales/,Miguel Torres,Periodico Digital,Portal-Internet,www.youtube.com/channel/UCuIC_QaVFK8q1ShTHn5MXZw,Portal-Internet,
126,El Andacollino,http://www.elandacollino.cl/,HL,de Coquimbo,Andacollo,Red de Diarios Comunales Sociedad Limitada,https://twitter.com/elandacollino,https://www.facebook.com/elandacollinocl/,https://www.instagram.com/diarioscomunales/,Fernanda Roco Castillo,Periodico Digital,Portal-Internet,N.E,Portal-Internet,
127,El Canelino,http://www.elcanelino.cl/,HL,de Coquimbo,Canela,Red de Diarios Comunales Sociedad Limitada,https://twitter.com/elcanelino,https://www.facebook.com/elcanelino/,https://www.instagram.com/diarioscomunales/,,Periodico Digital,Portal-Internet,N.E,Portal-Internet,
128,El Salamanquino,http://elsalamanquino.cl/,HL,de Coquimbo,Salamanca,Red de Diarios Comunales Sociedad Limitada,https://twitter.com/el_salamanquino,https://www.facebook.com/elsalamanquino/,https://www.instagram.com/diarioscomunales/,,Periodico Digital,Portal-Web,N.E,Portal-Web,
129,El combarbalino,http://www.elcombarbalino.cl/,HL,de Coquimbo,Combarbalá,Red de Diarios Comunales Sociedad Limitada,https://twitter.com/elcombarbalino,https://www.facebook.com/elcombarbalino/,https://www.instagram.com/diarioscomunales/,,Periodico Digital,Portal-Internet,N.E,Portal-Internet,
130,El Punitaquino,http://www.elpunitaquino.cl/,HL,de Coquimbo,Punitaqui ,Red de Diarios Comunales Sociedad Limitada .,https://twitter.com/elpunitaquino,https://www.facebook.com/elpunitaquino/,https://www.instagram.com/diarioscomunales/,,Periodico Digital,Portal-Internet,https://www.youtube.com/channel/UCuIC_QaVFK8q1ShTHn5MXZw,Portal-Internet,
131,El Vicuñense,http://www.xn--elvicuense-y9a.cl/,HL,de Coquimbo,Vicuña,Red de Diarios Comunales Sociedad Limitada .,https://twitter.com/elvicunense,https://www.facebook.com/elvicunense/,https://www.instagram.com/diarioscomunales/,,Periodico Digital,"Portal-Web, Radio, Youtube, MixCloud.",https://www.youtube.com/channel/UCuIC_QaVFK8q1ShTHn5MXZw,"Portal-Web, Radio, Youtube, MixCloud.",
132,El Vileño,http://xn--elvileo-9za.cl/,HL,de Coquimbo,Los Vilos ,Red de Diarios Comunales Sociedad Limitada .,https://twitter.com/elvileno,https://www.facebook.com/elvileno/,https://www.instagram.com/diarioscomunales/,,Periodico Digital,"Portal-Web, Radio, Youtube, MixCloud.",https://www.youtube.com/channel/UCuIC_QaVFK8q1ShTHn5MXZw,"Portal-Web, Radio, Youtube, MixCloud.",
133,Estrella del Mar ,http://www.radioestrelladelmar.cl/,HL,de Los Lagos, Ancud,Fundación Radio Estrella del Mar,https://twitter.com/fundacionREM,https://www.facebook.com/radioestrelladelmar/,https://www.instagram.com/radio_estrelladelmar/,Obispado de Ancud,Radio,,https://www.youtube.com/channel/UCLv8C4aun2FEeRCZ7Iwq-hQ,,
134,Radio Nahuelbuta Fm,http://www.nahuelbutafm.cl/,HL,del BioBío,Curanilahue,Parroquia San José,https://twitter.com/radionahuelbuta,https://www.facebook.com/radionahuelbuta/,https://www.instagram.com/radionahuelbutafm/,Pablo Leiva,Radio,Radio + Portal Internet,https://www.youtube.com/user/radionahuelbutafm,Radio + Portal Internet,
135,Diario La Batalla,http://www.labatalla.cl/,HL,Metropolitana,Maipu,La Batalla Comunicaciones,https://twitter.com/diariolabatalla,https://www.facebook.com/diariolabatalla/,https://www.instagram.com/diariolabatalla/,?,Periodico Digital,Portal Internet,https://www.youtube.com/channel/UCQn-DQzfIGbFGeIMN_qx94Q,Portal Internet,
136,El Comunicador,http://elcomunicador.cl/,HL,Metropolitana,Melipilla,Pedro Pablo Riveros,https://twitter.com/ElComunicadorcl,https://www.facebook.com/ElComunicadorcl/,https://www.instagram.com/elcomunicadorcl/,?,Periodico Digital,Portal Internet,https://www.youtube.com/user/MelipillaTv?feature=mhee,Portal Internet,
137,Salamancachile.cl,http://www.salamancachile.cl,HL,de Coquimbo,Salamanca,Radiodifusora 7 E.I.R.L.,https://twitter.com/dsalamancachile,https://www.facebook.com/salamancachile/,https://www.instagram.com/eldiariodesalamanca/,Roy Félix Canales Leiva,Periodico Digital,Portal Internet,N.E,Portal Internet,
138,Lanalhue Noticias,http://www.lanalhuenoticias.cl,HL,Araucanía,Cañete,Lanalhue Noticias,https://twitter.com/lanalhue,https://www.facebook.com/lanalhuenoticias/,https://www.instagram.com/lanalhue/,?,Periodico Digital,Portal Internet,https://www.youtube.com/channel/UCgioQgH2djKmEOQeCcw---g,Portal Internet,
139,Diario el Huemul,https://www.elhuemul.cl/,HL,de Los Lagos,Palena,El Huemul Comunicaciones,https://twitter.com/diarioelhuemul,https://www.facebook.com/diarioelhuemul/,NE,,Periodico Digital,Portal Internet,https://www.youtube.com/channel/UCgaE2gvV5jxq0_OdCf6tbSQ,Portal Internet,
140,El bulnensino,http://elbulnensino.blogspot.com/,HL,Ñuble,Bulnes,Bulnes,https://twitter.com/el_bulnensino,https://www.facebook.com/ebulnensino/,NE,El bulnensino,Periodico Digital,Portal-Internet,https://www.youtube.com/user/mixjorge1,Portal-Internet,
141,La voz de Maipu,https://lavozdemaipu.cl/,HL,Metropolitana,Maipú,La voz de Maipu,https://twitter.com/lavozdemaipu,https://www.facebook.com/lavoz/,https://www.instagram.com/lavozdemaipu/,Nicolás Aravena,Periodico Digital,"Sitio web, revista, publicidad.",https://www.youtube.com/user/lavozdemaipu,"Sitio web, revista, publicidad.",
142,Vertice TV,https://www.vertice.tv/,HL,de Los Lagos,Puerto Montt,Vertice Comunicacones,https://twitter.com/canalvertice,https://www.facebook.com/verticetv/,https://www.instagram.com/vertice.tv/,Luis Venegas,Tv Cable,Tv- Portal Internet,https://www.youtube.com/user/videosprensavertice,Tv- Portal Internet,
143,La Voz de Pucón,https://www.lavozdepucon.cl/,HL,Araucanía,Pucón,Grupo Prioridad,https://twitter.com/LaVozDePucon,https://www.facebook.com/LaVozDePucon/,https://www.instagram.com/lavozdepucon/,,Periodico DigitalPortal Internet,Portal internet,,Portal internet,
144,The Nuñork Times,http://nunorktimes.cl/,HL,Metropolitana,Nuñoa,,https://twitter.com/nunorktimes,https://www.facebook.com/NunorkTimes/,https://www.instagram.com/nunorktimes/,Juan Carlos Avila Felip,Periodico Digital,Portal Internet,https://www.youtube.com/channel/UCB-dlNOr3V9iA5L2Xup29kw?view_as=subscriber,Portal Internet,Juan Carlos Avila Felip
145,Rengo en La Noticia,http://www.rengoenlanoticia.cl/,HL,de O'Higgings,Rengo,Pedro Veas S.,https://twitter.com/DRenlanoticia,https://www.facebook.com/rengoenlanoticia/,https://www.instagram.com/rengoenlanoticia/,,Periodico Digital,"Portal internet, Periodico digital",https://www.youtube.com/user/rengoenlanoticia,"Portal internet, Periodico digital",
146,RedAcción,,HL,Metropolitana,Talagante,,https://twitter.com/redaccionprensa,https://www.facebook.com/redaccion/,NE,,Periodico Digital,"Portal internet, Periodico digital",,"Portal internet, Periodico digital",
147,Periodico Iloca,http://periodicoiloca.cl/,HL,Maule,Iloca,,https://twitter.com/periodico_iloca,https://www.facebook.com/PeriodicoIloca/,https://www.instagram.com/periodicoiloca/,Cristian Alfredo Carraso Cepéspedes,Periodico Digital,Portal Internet,https://www.youtube.com/channel/UCBQiHF-MIkXY3n8OKyHJVcw,Portal Internet,
148,El Noticiero de Huasco,https://elnoticierodelhuasco.cl/,HL,Atacama,Vallenar,Consultora Carlos Opazo Alvarez EIRL,https://twitter.com/NoticierodelHua,https://www.facebook.com/ElNoticierodelHuasco/,https://www.instagram.com/elnoticierodelhuasco.cl/,Carlos Opazo Alvarez,Periodico Digital,Portal Internet,https://www.youtube.com/user/ElNoticierodelHuasco/videos,Portal Internet,
149,El serenense,https://elserenense.cl/,HL,de Coquimbo,Serena,Red de Diarios Comunales Sociedad Limitada,https://twitter.com/el_serenense,https://www.facebook.com/diarioelserenense/,https://www.instagram.com/diarioscomunales/,,Periodico Digital,Portal-Web,,Portal-Web,
150,La Tribuna de Colchahua,http://www.latribunadecolchagua.cl/,HL,de O'Higgings,Colchagua,,https://twitter.com/TribunaC,https://www.facebook.com/TribunaC/,https://www.instagram.com/tribuna_colchagua/,"Ricardo Obando Sanhueza,",Periodico Digital,Portal Internet,https://www.youtube.com/channel/UCNwmekyVTa9hdlojsGNoC9A,Portal Internet,
151,Radio Condell de Curicó,http://www.radiocondell.cl/,HL,Maule,Curico,Benjamin Gonzalez,https://twitter.com/radiocondell,https://www.facebook.com/RadioCondell/,https://www.instagram.com/radiocondell/,Benjamin Gonzalez,Radio,"Radio, Portal Internet, Radio Online",https://www.youtube.com/channel/UC1zdLciC4JCQSSUKsZoA_Ig,"Radio, Portal Internet, Radio Online",
152,Calama en linea,https://www.calamaenlinea.cl/,HL,de Antofagasta,Calama,,https://twitter.com/calamaenlinea,https://www.facebook.com/calamaenlinea/,https://www.instagram.com/calama_en_linea/,,Periodico Digital,Portal Internet,https://www.youtube.com/channel/UCzVNMdZsTKVhBK4RSfGbsjw,Portal Internet,
153,El Marino ,http://www.diarioelmarino.cl/,HL,de O'Higgings,Pichilemu,,https://twitter.com/diarioelmarino,https://www.facebook.com/diarioelmarino/,https://www.instagram.com/diarioelmarino/,Diego Grez Cañete,Periodico impreso,Portal Internet,https://www.youtube.com/user/diarioelmarino,Portal Internet,
154,En la linea Calama,https://enlalinea.cl/,HL,de Antofagasta,Calama,,https://twitter.com/diarioenlalinea,https://www.facebook.com/diariodigitalencalama/,https://www.instagram.com/enlalinea.cl/,,Periodico Digital,Portal Internet,,Portal Internet,
155,Enfoque de Vallenar,https://enfoquedigital.cl/,HL,Atacama,Vallenar,Enfoque Digital Ltda,https://twitter.com/enfdig,https://www.facebook.com/EnfoqueDigitalVallenar/,https://www.instagram.com/enfoquedigitalvallenar/,,,,https://www.youtube.com/c/EnfoqueDigitalVallenar,,Oscar Vásquez Geraldo
156,Canal 21 de Chillan,https://www.canal21tv.cl/,HL,Ñuble,Chillán,,https://twitter.com/canal_21tv,https://www.facebook.com/TV.Canal21/,https://www.instagram.com/canal_21tv/,,Canal TV (abierta),"Portal Internet, Canal online, Canal TV (abierta y cable)",https://www.youtube.com/user/Canal21UHF,"Portal Internet, Canal online, Canal TV (abierta y cable)",
157,Diario de Chiloe,https://www.diariochiloe.cl/,HL,de Los Lagos,Castro,Grupo Diario Sur,https://twitter.com/diariochiloe,https://www.facebook.com/diariochiloe/,https://www.instagram.com/prensaloslagos/,,Periodico Digital,Portal Interet ,https://www.youtube.com/channel/UCnx8PZT6uqT79cY_DgKz8Qg,Portal Interet ,
158,El Tirapiedras,https://www.eltirapiedras.cl/,HL,Magallanes,Puerto Natales,,NE,https://www.facebook.com/eltirapiedrascl/,https://www.instagram.com/NATALESNEWS/,,Periodico Digital,Portal web,N.E.,Portal web,
158,Radio El Salar,https://radioelsalar.cl/,HL,Tarapaca,Pozo al Monte,,https://twitter.com/radioelsalar1,https://www.facebook.com/Radioelsalar/,https://www.instagram.com/radioelsalar/,,Radio,"Radio, Portal Internet",N.E.,"Radio, Portal Internet",
